<?xml version="1.0" encoding="UTF-8"?>
<project xmlns="http://www.netbeans.org/ns/project/1">
    <type>com.microchip.mplab.nbide.embedded.makeproject</type>
    <configuration>
        <data xmlns="http://www.netbeans.org/ns/make-project/1">
            <name>HID Bootloader - PIC16F1459 - v5.10</name>
            <creation-uuid>10ecf416-ca94-402f-a3ea-0a0beb0c5a13</creation-uuid>
            <make-project-type>0</make-project-type>
            <c-extensions>c</c-extensions>
            <cpp-extensions/>
            <header-extensions>h</header-extensions>
            <sourceEncoding>ISO-8859-1</sourceEncoding>
            <asminc-extensions/>
            <make-dep-projects/>
            <sourceRootList>
                <sourceRootElem>C:\microchip\mla\v2013_12_20\apps\usb\device\bootloaders\firmware\pic16f145x_family</sourceRootElem>
            </sourceRootList>
            <confList>
                <confElem>
                    <name>PIC16F1459_XC8</name>
                    <type>2</type>
                </confElem>
            </confList>
            <formatting>
                <project-formatting-style>false</project-formatting-style>
            </formatting>
        </data>
    </configuration>
</project>
